x,analytic,ftcs,lbm_anti_bounce_back,lbm_equilibrium
0.5,0.004735651012,0.004734086546,0.004730404685,0.006349469644
1.5,0.014195544439,0.014190854809,0.014179815318,0.015858115023
2.5,0.023621239555,0.023613436060,0.023597281619,0.025330218487
3.5,0.032990029036,0.032979130475,0.032956793446,0.034741308328
4.5,0.042279342648,0.042265375276,0.042237459667,0.044069892134
5.5,0.051466801621,0.051449799086,0.051416097067,0.053293262048
6.5,0.060530272560,0.060510275823,0.060471003411,0.062389663080
7.5,0.069447920770,0.069424978006,0.069380160856,0.071337293859
8.5,0.078198262857,0.078172429336,0.078122207077,0.080114880250
9.5,0.086760218479,0.086731556437,0.086676031602,0.088701467544
10.5,0.095113161135,0.095081739621,0.095021051912,0.097076598265
11.5,0.103236967856,0.103202862567,0.103137151751,0.105220297787
12.5,0.111112067678,0.111075360777,0.111004784464,0.113113153078
13.5,0.118719488797,0.118680268714,0.118604993072,0.120736343669
14.5,0.126040904269,0.125999265488,0.125919469221,0.128071694067
15.5,0.133058676163,0.133014718996,0.132930590776,0.135101713423
16.5,0.139755898051,0.139709728395,0.139621467460,0.141809639068
17.5,0.146116435739,0.146068164821,0.145975979995,0.148179475640
18.5,0.152124966136,0.152074710244,0.151978819688,0.154196033697
19.5,0.157767014165,0.157714894370,0.157615524946,0.159844965776
20.5,0.163028987637,0.162975129501,0.162872516296,0.165112800761
21.5,0.167898209999,0.167842743270,0.167737129011,0.169986976013
22.5,0.172362950867,0.172306009169,0.172197643664,0.174455867414
23.5,0.176412454289,0.176354174800,0.176243314342,0.178508817136
24.5,0.180036964657,0.179977487777,0.179864394543,0.182136159120
25.5,0.183227750207,0.183167219222,0.183052160652,0.185329242187
26.5,0.185977124058,0.185915684792,0.185798932961,0.188080450726
27.5,0.188278462728,0.188216263194,0.188098094168,0.190383222906
28.5,0.190126222090,0.190063412131,0.189944105319,0.192232066376
29.5,0.191515950730,0.191452681661,0.191332519154,0.193622571401
30.5,0.192444300670,0.192380724912,0.192259990818,0.194551421412
31.5,0.192909035433,0.192845306146,0.192724285921,0.195016400948
32.5,0.192909035433,0.192845306146,0.192724285921,0.195016400948
33.5,0.192444300670,0.192380724912,0.192259990818,0.194551421412
34.5,0.191515950730,0.191452681661,0.191332519154,0.193622571401
35.5,0.190126222090,0.190063412131,0.189944105319,0.192232066376
36.5,0.188278462728,0.188216263194,0.188098094168,0.190383222906
37.5,0.185977124058,0.185915684792,0.185798932961,0.188080450726
38.5,0.183227750207,0.183167219222,0.183052160652,0.185329242187
39.5,0.180036964657,0.179977487777,0.179864394543,0.182136159120
40.5,0.176412454289,0.176354174800,0.176243314342,0.178508817136
41.5,0.172362950867,0.172306009169,0.172197643664,0.174455867414
42.5,0.167898209999,0.167842743270,0.167737129011,0.169986976013
43.5,0.163028987637,0.162975129501,0.162872516296,0.165112800761
44.5,0.157767014165,0.157714894370,0.157615524946,0.159844965776
45.5,0.152124966136,0.152074710244,0.151978819688,0.154196033697
46.5,0.146116435739,0.146068164821,0.145975979995,0.148179475640
47.5,0.139755898051,0.139709728395,0.139621467460,0.141809639068
48.5,0.133058676163,0.133014718996,0.132930590776,0.135101713423
49.5,0.126040904269,0.125999265488,0.125919469221,0.128071694067
50.5,0.118719488797,0.118680268714,0.118604993072,0.120736343669
51.5,0.111112067678,0.111075360777,0.111004784464,0.113113153078
52.5,0.103236967856,0.103202862567,0.103137151751,0.105220297787
53.5,0.095113161135,0.095081739621,0.095021051912,0.097076598265
54.5,0.086760218479,0.086731556437,0.086676031602,0.088701467544
55.5,0.078198262857,0.078172429336,0.078122207077,0.080114880250
56.5,0.069447920770,0.069424978006,0.069380160856,0.071337293859
57.5,0.060530272560,0.060510275823,0.060471003411,0.062389663080
58.5,0.051466801621,0.051449799086,0.051416097067,0.053293262048
59.5,0.042279342648,0.042265375276,0.042237459667,0.044069892134
60.5,0.032990029036,0.032979130475,0.032956793446,0.034741308328
61.5,0.023621239555,0.023613436060,0.023597281619,0.025330218487
62.5,0.014195544439,0.014190854809,0.014179815318,0.015858115023
63.5,0.004735651012,0.004734086546,0.004730404685,0.006349469644
